Workbook

Sheet الافتراضات
A1: الافتراضات الأساسية
A3: البند | B3: القيمة | C3: الوحدة | D3: المصدر/الملاحظة
A4: المعايير المالية
A5: معدل التضخم السنوي | B5: 0.02 | C5: % | D5: البنك المركزي السعودي
A6: معدل الضريبة | B6: 0.15 | C6: % | D6: هيئة الزكاة والضريبة
A7: معدل الخصم (WACC) | B7: 0.15 | C7: % | D7: يجب أن يكون 10-18%
A8: فترة الدراسة | B8: 5 | C8: سنوات
A10: معايير النمو
A11: نمو الإيرادات - السنة 1 | B11: 0 | C11: % | D11: السنة الأولى
A12: نمو الإيرادات - السنة 2 | B12: 0.3 | C12: % | D12: 30-50% للناشئة
A13: نمو الإيرادات - السنة 3 | B13: 0.2 | C13: % | D13: 20-30%
A14: نمو الإيرادات - السنة 4 | B14: 0.15 | C14: % | D14: 15-20%
A15: نمو الإيرادات - السنة 5 | B15: 0.1 | C15: % | D15: 10-15%
A17: معايير التشغيل
A18: نسبة التكاليف المتغيرة | B18: 0.35 | C18: % | D18: من الإيرادات
A19: نسبة التكاليف الثابتة السنوية | B19: 0.25 | C19: % | D19: من الإيرادات
A20: معدل الاستهلاك السنوي | B20: 0.05 | C20: % | D20: 5% خطي
A21: نسبة الصيانة | B21: 0.01 | C21: % | D21: 1% من الأصول

Sheet الاستثمار_الأولي
A1: الاستثمار الأولي (التكاليف الرأسمالية)
A3: البند | B3: الكمية | C3: سعر الوحدة | D3: الإجمالي | E3: المصدر
A4: الأصول الثابتة
A5: المبنى/الإنشاءات | B5: 1 | C5: 500000 | D5: =B5*C5 | E5: عرض سعر مقاول
A6: المعدات والأجهزة | B6: 1 | C6: 200000 | D6: =B6*C6 | E6: 3 عروض أسعار
A7: الأثاث والتجهيزات | B7: 1 | C7: 50000 | D7: =B7*C7 | E7: عرض سعر
A8: أجهزة الحاسوب | B8: 5 | C8: 5000 | D8: =B8*C8
A9: برمجيات وتراخيص | B9: 1 | C9: 30000 | D9: =B9*C9
A11: مصاريف ما قبل التشغيل
A12: مصاريف التأسيس القانونية | B12: 1 | C12: 15000 | D12: =B12*C12
A13: مصاريف التسويق الأولية | B13: 1 | C13: 50000 | D13: =B13*C13
A14: مصاريف التدريب | B14: 1 | C14: 20000 | D14: =B14*C14
A16: رأس المال العامل
A17: رأس المال العامل (3-6 أشهر) | B17: 1 | C17: 150000 | D17: =B17*C17 | E17: تكاليف 3 أشهر
A19: إجمالي الاستثمار | D19: =SUM(D5:D17)

Sheet تقدير_الإيرادات
A1: تقدير الإيرادات (5 سنوات)
A3: مصدر الإيراد | B3: السنة 1 | C3: السنة 2 | D3: السنة 3 | E3: السنة 4 | F3: السنة 5
A4: المنتج/الخدمة 1 | B4: 500000 | C4: =B4*(1+الافتراضات!$B$9) | D4: =C4*(1+الافتراضات!$B$10) | E4: =D4*(1+الافتراضات!$B$11) | F4: =E4*(1+الافتراضات!$B$12)
A5: المنتج/الخدمة 2 | B5: 300000 | C5: =B5*(1+الافتراضات!$B$9) | D5: =C5*(1+الافتراضات!$B$10) | E5: =D5*(1+الافتراضات!$B$11) | F5: =E5*(1+الافتراضات!$B$12)
A6: المنتج/الخدمة 3 | B6: 200000 | C6: =B6*(1+الافتراضات!$B$9) | D6: =C6*(1+الافتراضات!$B$10) | E6: =D6*(1+الافتراضات!$B$11) | F6: =E6*(1+الافتراضات!$B$12)
A8: إجمالي الإيرادات | B8: =SUM(B4:B6) | C8: =SUM(C4:C6) | D8: =SUM(D4:D6) | E8: =SUM(E4:E6) | F8: =SUM(F4:F6)

Sheet قائمة_الدخل
A1: قائمة الدخل التقديرية
A3: البند | B3: السنة 1 | C3: السنة 2 | D3: السنة 3 | E3: السنة 4 | F3: السنة 5
A4: الإيرادات | B4: =تقدير_الإيرادات!B8 | C4: =تقدير_الإيرادات!C8 | D4: =تقدير_الإيرادات!D8 | E4: =تقدير_الإيرادات!E8 | F4: =تقدير_الإيرادات!F8
A6: التكاليف المتغيرة | B6: =B4*الافتراضات!$B$15 | C6: =C4*الافتراضات!$B$15 | D6: =D4*الافتراضات!$B$15 | E6: =E4*الافتراضات!$B$15 | F6: =F4*الافتراضات!$B$15
A7: مجمل الربح | B7: =B4-B6 | C7: =C4-C6 | D7: =D4-D6 | E7: =E4-E6 | F7: =F4-F6
A9: المصاريف الثابتة:
A10: الرواتب والأجور | B10: 300000 | C10: =B10*(1+الافتراضات!$B$4) | D10: =C10*(1+الافتراضات!$B$4) | E10: =D10*(1+الافتراضات!$B$4) | F10: =E10*(1+الافتراضات!$B$4)
A11: الإيجار | B11: 120000 | C11: =B11*(1+الافتراضات!$B$4) | D11: =C11*(1+الافتراضات!$B$4) | E11: =D11*(1+الافتراضات!$B$4) | F11: =E11*(1+الافتراضات!$B$4)
A12: المرافق والخدمات | B12: 36000 | C12: =B12*(1+الافتراضات!$B$4) | D12: =C12*(1+الافتراضات!$B$4) | E12: =D12*(1+الافتراضات!$B$4) | F12: =E12*(1+الافتراضات!$B$4)
A13: التسويق | B13: 60000 | C13: =B13*(1+الافتراضات!$B$4) | D13: =C13*(1+الافتراضات!$B$4) | E13: =D13*(1+الافتراضات!$B$4) | F13: =E13*(1+الافتراضات!$B$4)
A14: الاستهلاك | B14: =الاستثمار_الأولي!D19*الافتراضات!$B$17 | C14: =B14 | D14: =C14 | E14: =D14 | F14: =E14
A15: الصيانة | B15: =الاستثمار_الأولي!D19*الافتراضات!$B$18 | C15: =B15*(1+الافتراضات!$B$4) | D15: =C15*(1+الافتراضات!$B$4) | E15: =D15*(1+الافتراضات!$B$4) | F15: =E15*(1+الافتراضات!$B$4)
A16: إجمالي المصاريف الثابتة | B16: =SUM(B10:B15) | C16: =SUM(C10:C15) | D16: =SUM(D10:D15) | E16: =SUM(E10:E15) | F16: =SUM(F10:F15)
A18: صافي الربح قبل الضريبة | B18: =B7-B16 | C18: =C7-C16 | D18: =D7-D16 | E18: =E7-E16 | F18: =F7-F16
A19: الضريبة | B19: =IF(B18>0,B18*الافتراضات!$B$5,0) | C19: =IF(C18>0,C18*الافتراضات!$B$5,0) | D19: =IF(D18>0,D18*الافتراضات!$B$5,0) | E19: =IF(E18>0,E18*الافتراضات!$B$5,0) | F19: =IF(F18>0,F18*الافتراضات!$B$5,0)
A20: صافي الربح بعد الضريبة | B20: =B18-B19 | C20: =C18-C19 | D20: =D18-D19 | E20: =E18-E19 | F20: =F18-F19

Sheet مؤشرات_التقييم
A1: مؤشرات تقييم المشروع
A3: التدفقات النقدية
A4: السنة | B4: صافي الربح | C4: + الاستهلاك | D4: التدفق النقدي | E4: التدفق التراكمي
A5: 0 | B5: =-الاستثمار_الأولي!D19 | C5: 0 | D5: =B5+C5 | E5: =D5
A6: 1 | B6: =قائمة_الدخل!B20 | C6: =قائمة_الدخل!B14 | D6: =B6+C6 | E6: =E5+D6
A7: 2 | B7: =قائمة_الدخل!C20 | C7: =قائمة_الدخل!C14 | D7: =B7+C7 | E7: =E6+D7
A8: 3 | B8: =قائمة_الدخل!D20 | C8: =قائمة_الدخل!D14 | D8: =B8+C8 | E8: =E7+D8
A9: 4 | B9: =قائمة_الدخل!E20 | C9: =قائمة_الدخل!E14 | D9: =B9+C9 | E9: =E8+D9
A10: 5 | B10: =قائمة_الدخل!F20 | C10: =قائمة_الدخل!F14 | D10: =B10+C10 | E10: =E9+D10
A13: المؤشرات المالية
A14: المؤشر | B14: القيمة | C14: الوحدة
A15: صافي القيمة الحالية (NPV) | B15: =NPV(الافتراضات!B6,D6:D10)+D5 | C15: ريال
A16: معدل العائد الداخلي (IRR) | B16: =IRR(D5:D10) | C16: %
A17: مؤشر الربحية (PI) | B17: =NPV(الافتراضات!B6,D6:D10)/ABS(D5)
A18: فترة الاسترداد | B18: =MATCH(TRUE,INDEX(E5:E10>=0,0),0)-1&" سنوات"
A21: تقييم القرار
A22: القرار الاستثماري | B22: =IF(AND(B15>0,B16>الافتراضات!B6,B17>1),"✅ المشروع مجدي - GO","❌ المشروع غير مجدي - NO GO")

Sheet تحليل_الحساسية
A1: تحليل الحساسية
A3: تأثير تغيير الإيرادات والتكاليف على NPV
A5: NPV | B5: -20% | C5: -10% | D5: 0% | E5: +10% | F5: +20%
A6: تكاليف -20%
A7: تكاليف -10%
A8: تكاليف 0%
A9: تكاليف +10%
A10: تكاليف +20%
A13: ملاحظة: يجب ملء هذا الجدول باستخدام Data Table في Excel

Sheet السيناريوهات
A1: تحليل السيناريوهات
A3: البند | B3: متشائم | C3: أساسي | D3: متفائل
A4: تغير الإيرادات | B4: -20% | C4: 0% | D4: +20%
A5: تغير التكاليف | B5: +15% | C5: 0% | D5: -10%
A6: الاحتمالية | B6: 20% | C6: 60% | D6: 20%
A8: NPV | B8: يحسب | C8: يحسب | D8: يحسب
A9: IRR | B9: يحسب | C9: يحسب | D9: يحسب
A10: القرار | B10: مشروط | C10: GO | D10: GO

Sheet قائمة_المراجعة
A1: قائمة المراجعة النهائية
A3: # | B3: البند | C3: الحالة | D3: الوزن
A4: 1 | B4: لا يوجد أي خطأ #REF! أو #VALUE! في الملف | C4: ☐ | D4: إلزامي
A5: 2 | B5: كل صيغة تشير إلى خلية موجودة فعلاً | C5: ☐ | D5: إلزامي
A6: 3 | B6: NPV محسوب بشكل صحيح | C6: ☐ | D6: إلزامي
A7: 4 | B7: IRR محسوب ومقارن بـ WACC | C7: ☐ | D7: إلزامي
A8: 5 | B8: فترة الاسترداد محسوبة ومنطقية | C8: ☐ | D8: إلزامي
A9: 6 | B9: معدل الخصم ضمن النطاق المعقول (10-18%) | C9: ☐ | D9: إلزامي
A10: 7 | B10: معدلات النمو مبررة ومقارنة بالسوق | C10: ☐ | D10: إلزامي
A11: 8 | B11: كل افتراض موثق بمصدره | C11: ☐ | D11: مهم
A12: 9 | B12: نسبة الاستثمار/الإيرادات ضمن معايير الصناعة | C12: ☐ | D12: إلزامي
A13: 10 | B13: يوجد تحليل حساسية على 3 متغيرات على الأقل | C13: ☐ | D13: إلزامي
A14: 11 | B14: يوجد 3 سيناريوهات (متفائل/أساسي/متشائم) | C14: ☐ | D14: إلزامي
A15: 12 | B15: التوصية النهائية واضحة (GO/NO-GO) | C15: ☐ | D15: إلزامي
